{"cameraMode":{"drawMode":0,"name":"Shaded","section":"Shading Mode"},"sceneLighting":false,"audioPlay":false,"sceneViewState":{"m_AlwaysRefresh":false,"showFog":true,"showSkybox":false,"showFlares":true,"showImageEffects":true,"showParticleSystems":true,"showVisualEffectGraphs":true,"m_FxEnabled":true},"in2DMode":false,"pivot":{"x":-0.0025000576861202718,"y":1.6227049827575684,"z":-0.5456832647323608},"rotation":{"x":-0.5722213983535767,"y":0.014020891860127449,"z":-0.00978419091552496,"w":-0.8199278712272644},"size":0.8725711703300476,"orthographic":false}