{"cameraMode":{"drawMode":0,"name":"Shaded","section":"Shading Mode"},"sceneLighting":false,"audioPlay":false,"sceneViewState":{"m_AlwaysRefresh":false,"showFog":true,"showSkybox":false,"showFlares":true,"showImageEffects":true,"showParticleSystems":true,"showVisualEffectGraphs":true,"m_FxEnabled":true},"in2DMode":false,"pivot":{"x":25.649621963500978,"y":8.560870170593262,"z":7.3678998947143559},"rotation":{"x":0.09166169166564942,"y":-0.7861407399177551,"z":0.12027662992477417,"w":0.5992342233657837},"size":0.8660253882408142,"orthographic":false}